REGION,FUEL,Emission Factor(Mt_CO2/PJ)
01_AUS,15_1_fuelwood_and_woodwaste,0.00E+00
01_AUS,15_3_charcoal,0.00E+00
01_AUS,15_4_black_liquor,0.00E+00
01_AUS,15_5_other_biomass,0.00E+00
01_AUS,16_1_biogas,0.00E+00
01_AUS,16_2_industrial_waste,1.43E-04
01_AUS,16_3_municipal_solid_waste_renewable,0.00E+00
01_AUS,16_4_municipal_solid_waste_nonrenewable,9.18E-05
01_AUS,16_5_biogasoline,0.00E+00
01_AUS,16_6_biodiesel,0.00E+00
01_AUS,16_8_other_liquid_biofuels,0.00E+00
01_AUS,1_1_coking_coal,9.47E-05
01_AUS,1_2_other_bituminous_coal,9.47E-05
01_AUS,1_3_subbituminous_coal,9.62E-05
01_AUS,1_4_anthracite,9.84E-05
01_AUS,1_5_lignite,1.01E-04
01_AUS,1_x_coal_thermal,9.56E-05
01_AUS,2_1_coke_oven_coke,1.08E-04
01_AUS,2_2_coke_oven_gas,4.44E-05
01_AUS,2_3_blast_furnace_gas,2.60E-04
01_AUS,2_4_other_recovered_gases,1.82E-04
01_AUS,2_5_patent_fuel,9.76E-05
01_AUS,2_6_coal_tar,8.07E-05
01_AUS,2_7_bkb_pb,9.47E-05
01_AUS,2_coal_products,1.01E-04
01_AUS,3_peat,1.06E-04
01_AUS,4_peat_products,1.06E-04
01_AUS,5_oil_shale_and_oil_sands,7.34E-05
01_AUS,5_oil_shale_and_oil_sands,1.07E-04
01_AUS,6_1_crude_oil,7.34E-05
01_AUS,6_2_natural_gas_liquids,6.31E-05
01_AUS,6_3_refinery_feedstocks,7.34E-05
01_AUS,6_4_additives_oxygenates,6.31E-05
01_AUS,6_5_other_hydrocarbons,7.34E-05
01_AUS,7_10_refinery_gas_not_liquefied,5.76E-05
01_AUS,7_11_ethane,6.17E-05
01_AUS,7_12_white_spirit_sbp,7.34E-05
01_AUS,7_13_lubricants,7.34E-05
01_AUS,7_14_bitumen,8.07E-05
01_AUS,7_15_paraffin_waxes,7.34E-05
01_AUS,7_16_petroleum_coke,1.01E-04
01_AUS,7_17_other_products,7.34E-05
01_AUS,7_1_motor_gasoline,6.94E-05
01_AUS,7_2_aviation_gasoline,7.01E-05
01_AUS,7_3_naphtha,7.34E-05
01_AUS,7_4_gasoline_type_jet_fuel,7.01E-05
01_AUS,7_5_kerosene_type_jet_fuel,7.16E-05
01_AUS,7_6_kerosene,7.19E-05
01_AUS,7_7_gas_diesel_oil,7.41E-05
01_AUS,7_8_fuel_oil,7.74E-05
01_AUS,7_9_lpg,6.31E-05
01_AUS,7_x_jet_fuel,7.16E-05
01_AUS,7_x_other_petroleum_products,8.02E-05
01_AUS,8_1_natural_gas,5.62E-05
01_AUS,8_2_lng,5.62E-05
01_AUS,8_3_gas_works_gas,4.44E-05
02_BD,15_1_fuelwood_and_woodwaste,0.00E+00
02_BD,15_3_charcoal,0.00E+00
02_BD,15_4_black_liquor,0.00E+00
02_BD,15_5_other_biomass,0.00E+00
02_BD,16_1_biogas,0.00E+00
02_BD,16_2_industrial_waste,1.43E-04
02_BD,16_3_municipal_solid_waste_renewable,0.00E+00
02_BD,16_4_municipal_solid_waste_nonrenewable,9.18E-05
02_BD,16_5_biogasoline,0.00E+00
02_BD,16_6_biodiesel,0.00E+00
02_BD,16_8_other_liquid_biofuels,0.00E+00
02_BD,1_1_coking_coal,9.47E-05
02_BD,1_2_other_bituminous_coal,9.47E-05
02_BD,1_3_subbituminous_coal,9.62E-05
02_BD,1_4_anthracite,9.84E-05
02_BD,1_5_lignite,1.01E-04
02_BD,2_1_coke_oven_coke,1.08E-04
02_BD,2_2_coke_oven_gas,4.44E-05
02_BD,2_3_blast_furnace_gas,2.60E-04
02_BD,2_4_other_recovered_gases,1.82E-04
02_BD,2_5_patent_fuel,9.76E-05
02_BD,2_6_coal_tar,8.07E-05
02_BD,2_7_bkb_pb,9.47E-05
02_BD,3_peat,1.06E-04
02_BD,4_peat_products,1.06E-04
02_BD,5_oil_shale_and_oil_sands,7.34E-05
02_BD,5_oil_shale_and_oil_sands,1.07E-04
02_BD,6_1_crude_oil,7.34E-05
02_BD,6_2_natural_gas_liquids,6.31E-05
02_BD,6_3_refinery_feedstocks,7.34E-05
02_BD,6_4_additives_oxygenates,6.31E-05
02_BD,6_5_other_hydrocarbons,7.34E-05
02_BD,7_10_refinery_gas_not_liquefied,5.76E-05
02_BD,7_11_ethane,6.17E-05
02_BD,7_12_white_spirit_sbp,7.34E-05
02_BD,7_13_lubricants,7.34E-05
02_BD,7_14_bitumen,8.07E-05
02_BD,7_15_paraffin_waxes,7.34E-05
02_BD,7_16_petroleum_coke,1.01E-04
02_BD,7_17_other_products,7.34E-05
02_BD,7_1_motor_gasoline,6.94E-05
02_BD,7_2_aviation_gasoline,7.01E-05
02_BD,7_3_naphtha,7.34E-05
02_BD,7_4_gasoline_type_jet_fuel,7.01E-05
02_BD,7_5_kerosene_type_jet_fuel,7.16E-05
02_BD,7_6_kerosene,7.19E-05
02_BD,7_7_gas_diesel_oil,7.41E-05
02_BD,7_8_fuel_oil,7.74E-05
02_BD,7_9_lpg,6.31E-05
02_BD,8_1_natural_gas,5.62E-05
02_BD,8_2_lng,5.62E-05
02_BD,8_3_gas_works_gas,4.44E-05
03_CDA,15_1_fuelwood_and_woodwaste,0.00E+00
03_CDA,15_3_charcoal,0.00E+00
03_CDA,15_4_black_liquor,0.00E+00
03_CDA,15_5_other_biomass,0.00E+00
03_CDA,16_1_biogas,0.00E+00
03_CDA,16_2_industrial_waste,1.43E-04
03_CDA,16_3_municipal_solid_waste_renewable,0.00E+00
03_CDA,16_4_municipal_solid_waste_nonrenewable,9.18E-05
03_CDA,16_5_biogasoline,0.00E+00
03_CDA,16_6_biodiesel,0.00E+00
03_CDA,16_8_other_liquid_biofuels,0.00E+00
03_CDA,1_1_coking_coal,9.47E-05
03_CDA,1_2_other_bituminous_coal,9.47E-05
03_CDA,1_3_subbituminous_coal,9.62E-05
03_CDA,1_4_anthracite,9.84E-05
03_CDA,1_5_lignite,1.01E-04
03_CDA,1_x_coal_thermal,9.59E-05
03_CDA,2_1_coke_oven_coke,1.08E-04
03_CDA,2_2_coke_oven_gas,4.44E-05
03_CDA,2_3_blast_furnace_gas,2.60E-04
03_CDA,2_4_other_recovered_gases,1.82E-04
03_CDA,2_5_patent_fuel,9.76E-05
03_CDA,2_6_coal_tar,8.07E-05
03_CDA,2_7_bkb_pb,9.47E-05
03_CDA,2_coal_products,1.41E-04
03_CDA,3_peat,1.06E-04
03_CDA,4_peat_products,1.06E-04
03_CDA,5_oil_shale_and_oil_sands,7.34E-05
03_CDA,5_oil_shale_and_oil_sands,1.07E-04
03_CDA,6_1_crude_oil,7.34E-05
03_CDA,6_2_natural_gas_liquids,6.31E-05
03_CDA,6_3_refinery_feedstocks,7.34E-05
03_CDA,6_4_additives_oxygenates,6.31E-05
03_CDA,6_5_other_hydrocarbons,7.34E-05
03_CDA,7_10_refinery_gas_not_liquefied,5.76E-05
03_CDA,7_11_ethane,6.17E-05
03_CDA,7_12_white_spirit_sbp,7.34E-05
03_CDA,7_13_lubricants,7.34E-05
03_CDA,7_14_bitumen,8.07E-05
03_CDA,7_15_paraffin_waxes,7.34E-05
03_CDA,7_16_petroleum_coke,1.01E-04
03_CDA,7_17_other_products,7.34E-05
03_CDA,7_1_motor_gasoline,6.94E-05
03_CDA,7_2_aviation_gasoline,7.01E-05
03_CDA,7_3_naphtha,7.34E-05
03_CDA,7_4_gasoline_type_jet_fuel,7.01E-05
03_CDA,7_5_kerosene_type_jet_fuel,7.16E-05
03_CDA,7_6_kerosene,7.19E-05
03_CDA,7_7_gas_diesel_oil,7.41E-05
03_CDA,7_8_fuel_oil,7.74E-05
03_CDA,7_9_lpg,6.31E-05
03_CDA,7_x_jet_fuel,7.16E-05
03_CDA,7_x_other_petroleum_products,8.28E-05
03_CDA,8_1_natural_gas,5.62E-05
03_CDA,8_2_lng,5.62E-05
03_CDA,8_3_gas_works_gas,4.44E-05
04_CHL,15_1_fuelwood_and_woodwaste,0.00E+00
04_CHL,15_3_charcoal,0.00E+00
04_CHL,15_4_black_liquor,0.00E+00
04_CHL,15_5_other_biomass,0.00E+00
04_CHL,16_1_biogas,0.00E+00
04_CHL,16_2_industrial_waste,1.43E-04
04_CHL,16_3_municipal_solid_waste_renewable,0.00E+00
04_CHL,16_4_municipal_solid_waste_nonrenewable,9.18E-05
04_CHL,16_5_biogasoline,0.00E+00
04_CHL,16_6_biodiesel,0.00E+00
04_CHL,16_8_other_liquid_biofuels,0.00E+00
04_CHL,1_1_coking_coal,9.47E-05
04_CHL,1_2_other_bituminous_coal,9.47E-05
04_CHL,1_3_subbituminous_coal,9.62E-05
04_CHL,1_4_anthracite,9.84E-05
04_CHL,1_5_lignite,1.01E-04
04_CHL,1_x_coal_thermal,9.47E-05
04_CHL,2_1_coke_oven_coke,1.08E-04
04_CHL,2_2_coke_oven_gas,4.44E-05
04_CHL,2_3_blast_furnace_gas,2.60E-04
04_CHL,2_4_other_recovered_gases,1.82E-04
04_CHL,2_5_patent_fuel,9.76E-05
04_CHL,2_6_coal_tar,8.07E-05
04_CHL,2_7_bkb_pb,9.47E-05
04_CHL,2_coal_products,1.07E-04
04_CHL,3_peat,1.06E-04
04_CHL,4_peat_products,1.06E-04
04_CHL,5_oil_shale_and_oil_sands,7.34E-05
04_CHL,5_oil_shale_and_oil_sands,1.07E-04
04_CHL,6_1_crude_oil,7.34E-05
04_CHL,6_2_natural_gas_liquids,6.31E-05
04_CHL,6_3_refinery_feedstocks,7.34E-05
04_CHL,6_4_additives_oxygenates,6.31E-05
04_CHL,6_5_other_hydrocarbons,7.34E-05
04_CHL,7_10_refinery_gas_not_liquefied,5.76E-05
04_CHL,7_11_ethane,6.17E-05
04_CHL,7_12_white_spirit_sbp,7.34E-05
04_CHL,7_13_lubricants,7.34E-05
04_CHL,7_14_bitumen,8.07E-05
04_CHL,7_15_paraffin_waxes,7.34E-05
04_CHL,7_16_petroleum_coke,1.01E-04
04_CHL,7_17_other_products,7.34E-05
04_CHL,7_1_motor_gasoline,6.94E-05
04_CHL,7_2_aviation_gasoline,7.01E-05
04_CHL,7_3_naphtha,7.34E-05
04_CHL,7_4_gasoline_type_jet_fuel,7.01E-05
04_CHL,7_5_kerosene_type_jet_fuel,7.16E-05
04_CHL,7_6_kerosene,7.19E-05
04_CHL,7_7_gas_diesel_oil,7.41E-05
04_CHL,7_8_fuel_oil,7.74E-05
04_CHL,7_9_lpg,6.31E-05
04_CHL,7_x_jet_fuel,7.16E-05
04_CHL,7_x_other_petroleum_products,8.43E-05
04_CHL,8_1_natural_gas,5.62E-05
04_CHL,8_2_lng,5.62E-05
04_CHL,8_3_gas_works_gas,4.44E-05
05_PRC,15_1_fuelwood_and_woodwaste,0.00E+00
05_PRC,15_3_charcoal,0.00E+00
05_PRC,15_4_black_liquor,0.00E+00
05_PRC,15_5_other_biomass,0.00E+00
05_PRC,16_1_biogas,0.00E+00
05_PRC,16_2_industrial_waste,1.43E-04
05_PRC,16_3_municipal_solid_waste_renewable,0.00E+00
05_PRC,16_4_municipal_solid_waste_nonrenewable,9.18E-05
05_PRC,16_5_biogasoline,0.00E+00
05_PRC,16_6_biodiesel,0.00E+00
05_PRC,16_8_other_liquid_biofuels,0.00E+00
05_PRC,1_1_coking_coal,9.47E-05
05_PRC,1_2_other_bituminous_coal,9.47E-05
05_PRC,1_3_subbituminous_coal,9.62E-05
05_PRC,1_4_anthracite,9.84E-05
05_PRC,1_5_lignite,1.01E-04
05_PRC,1_x_coal_thermal,9.47E-05
05_PRC,2_1_coke_oven_coke,1.08E-04
05_PRC,2_2_coke_oven_gas,4.44E-05
05_PRC,2_3_blast_furnace_gas,2.60E-04
05_PRC,2_4_other_recovered_gases,1.82E-04
05_PRC,2_5_patent_fuel,9.76E-05
05_PRC,2_6_coal_tar,8.07E-05
05_PRC,2_7_bkb_pb,9.47E-05
05_PRC,2_coal_products,1.59E-04
05_PRC,3_peat,1.06E-04
05_PRC,4_peat_products,1.06E-04
05_PRC,5_oil_shale_and_oil_sands,7.34E-05
05_PRC,5_oil_shale_and_oil_sands,1.07E-04
05_PRC,6_1_crude_oil,7.34E-05
05_PRC,6_2_natural_gas_liquids,6.31E-05
05_PRC,6_3_refinery_feedstocks,7.34E-05
05_PRC,6_4_additives_oxygenates,6.31E-05
05_PRC,6_5_other_hydrocarbons,7.34E-05
05_PRC,7_10_refinery_gas_not_liquefied,5.76E-05
05_PRC,7_11_ethane,6.17E-05
05_PRC,7_12_white_spirit_sbp,7.34E-05
05_PRC,7_13_lubricants,7.34E-05
05_PRC,7_14_bitumen,8.07E-05
05_PRC,7_15_paraffin_waxes,7.34E-05
05_PRC,7_16_petroleum_coke,1.01E-04
05_PRC,7_17_other_products,7.34E-05
05_PRC,7_1_motor_gasoline,6.94E-05
05_PRC,7_2_aviation_gasoline,7.01E-05
05_PRC,7_3_naphtha,7.34E-05
05_PRC,7_4_gasoline_type_jet_fuel,7.01E-05
05_PRC,7_5_kerosene_type_jet_fuel,7.16E-05
05_PRC,7_6_kerosene,7.19E-05
05_PRC,7_7_gas_diesel_oil,7.41E-05
05_PRC,7_8_fuel_oil,7.74E-05
05_PRC,7_9_lpg,6.31E-05
05_PRC,7_x_jet_fuel,7.15E-05
05_PRC,7_x_other_petroleum_products,8.57E-05
05_PRC,8_1_natural_gas,5.62E-05
05_PRC,8_2_lng,5.62E-05
05_PRC,8_3_gas_works_gas,4.44E-05
06_HKC,15_1_fuelwood_and_woodwaste,0.00E+00
06_HKC,15_3_charcoal,0.00E+00
06_HKC,15_4_black_liquor,0.00E+00
06_HKC,15_5_other_biomass,0.00E+00
06_HKC,16_1_biogas,0.00E+00
06_HKC,16_2_industrial_waste,1.43E-04
06_HKC,16_3_municipal_solid_waste_renewable,0.00E+00
06_HKC,16_4_municipal_solid_waste_nonrenewable,9.18E-05
06_HKC,16_5_biogasoline,0.00E+00
06_HKC,16_6_biodiesel,0.00E+00
06_HKC,16_8_other_liquid_biofuels,0.00E+00
06_HKC,1_1_coking_coal,9.47E-05
06_HKC,1_2_other_bituminous_coal,9.47E-05
06_HKC,1_3_subbituminous_coal,9.62E-05
06_HKC,1_4_anthracite,9.84E-05
06_HKC,1_5_lignite,1.01E-04
06_HKC,2_1_coke_oven_coke,1.08E-04
06_HKC,2_2_coke_oven_gas,4.44E-05
06_HKC,2_3_blast_furnace_gas,2.60E-04
06_HKC,2_4_other_recovered_gases,1.82E-04
06_HKC,2_5_patent_fuel,9.76E-05
06_HKC,2_6_coal_tar,8.07E-05
06_HKC,2_7_bkb_pb,9.47E-05
06_HKC,3_peat,1.06E-04
06_HKC,4_peat_products,1.06E-04
06_HKC,5_oil_shale_and_oil_sands,7.34E-05
06_HKC,5_oil_shale_and_oil_sands,1.07E-04
06_HKC,6_1_crude_oil,7.34E-05
06_HKC,6_2_natural_gas_liquids,6.31E-05
06_HKC,6_3_refinery_feedstocks,7.34E-05
06_HKC,6_4_additives_oxygenates,6.31E-05
06_HKC,6_5_other_hydrocarbons,7.34E-05
06_HKC,7_10_refinery_gas_not_liquefied,5.76E-05
06_HKC,7_11_ethane,6.17E-05
06_HKC,7_12_white_spirit_sbp,7.34E-05
06_HKC,7_13_lubricants,7.34E-05
06_HKC,7_14_bitumen,8.07E-05
06_HKC,7_15_paraffin_waxes,7.34E-05
06_HKC,7_16_petroleum_coke,1.01E-04
06_HKC,7_17_other_products,7.34E-05
06_HKC,7_1_motor_gasoline,6.94E-05
06_HKC,7_2_aviation_gasoline,7.01E-05
06_HKC,7_3_naphtha,7.34E-05
06_HKC,7_4_gasoline_type_jet_fuel,7.01E-05
06_HKC,7_5_kerosene_type_jet_fuel,7.16E-05
06_HKC,7_6_kerosene,7.19E-05
06_HKC,7_7_gas_diesel_oil,7.41E-05
06_HKC,7_8_fuel_oil,7.74E-05
06_HKC,7_9_lpg,6.31E-05
06_HKC,7_x_jet_fuel,7.16E-05
06_HKC,8_1_natural_gas,5.62E-05
06_HKC,8_2_lng,5.62E-05
06_HKC,8_3_gas_works_gas,4.44E-05
07_INA,15_1_fuelwood_and_woodwaste,0.00E+00
07_INA,15_3_charcoal,0.00E+00
07_INA,15_4_black_liquor,0.00E+00
07_INA,15_5_other_biomass,0.00E+00
07_INA,16_1_biogas,0.00E+00
07_INA,16_2_industrial_waste,1.43E-04
07_INA,16_3_municipal_solid_waste_renewable,0.00E+00
07_INA,16_4_municipal_solid_waste_nonrenewable,9.18E-05
07_INA,16_5_biogasoline,0.00E+00
07_INA,16_6_biodiesel,0.00E+00
07_INA,16_8_other_liquid_biofuels,0.00E+00
07_INA,1_1_coking_coal,9.47E-05
07_INA,1_2_other_bituminous_coal,9.47E-05
07_INA,1_3_subbituminous_coal,9.62E-05
07_INA,1_4_anthracite,9.84E-05
07_INA,1_5_lignite,1.01E-04
07_INA,1_x_coal_thermal,9.47E-05
07_INA,2_1_coke_oven_coke,1.08E-04
07_INA,2_2_coke_oven_gas,4.44E-05
07_INA,2_3_blast_furnace_gas,2.60E-04
07_INA,2_4_other_recovered_gases,1.82E-04
07_INA,2_5_patent_fuel,9.76E-05
07_INA,2_6_coal_tar,8.07E-05
07_INA,2_7_bkb_pb,9.47E-05
07_INA,2_coal_products,9.47E-05
07_INA,3_peat,1.06E-04
07_INA,4_peat_products,1.06E-04
07_INA,5_oil_shale_and_oil_sands,7.34E-05
07_INA,5_oil_shale_and_oil_sands,1.07E-04
07_INA,6_1_crude_oil,7.34E-05
07_INA,6_2_natural_gas_liquids,6.31E-05
07_INA,6_3_refinery_feedstocks,7.34E-05
07_INA,6_4_additives_oxygenates,6.31E-05
07_INA,6_5_other_hydrocarbons,7.34E-05
07_INA,7_10_refinery_gas_not_liquefied,5.76E-05
07_INA,7_11_ethane,6.17E-05
07_INA,7_12_white_spirit_sbp,7.34E-05
07_INA,7_13_lubricants,7.34E-05
07_INA,7_14_bitumen,8.07E-05
07_INA,7_15_paraffin_waxes,7.34E-05
07_INA,7_16_petroleum_coke,1.01E-04
07_INA,7_17_other_products,7.34E-05
07_INA,7_1_motor_gasoline,6.94E-05
07_INA,7_2_aviation_gasoline,7.01E-05
07_INA,7_3_naphtha,7.34E-05
07_INA,7_4_gasoline_type_jet_fuel,7.01E-05
07_INA,7_5_kerosene_type_jet_fuel,7.16E-05
07_INA,7_6_kerosene,7.19E-05
07_INA,7_7_gas_diesel_oil,7.41E-05
07_INA,7_8_fuel_oil,7.74E-05
07_INA,7_9_lpg,6.31E-05
07_INA,7_x_jet_fuel,7.16E-05
07_INA,7_x_other_petroleum_products,7.34E-05
07_INA,8_1_natural_gas,5.62E-05
07_INA,8_2_lng,5.62E-05
07_INA,8_3_gas_works_gas,4.44E-05
08_JPN,15_1_fuelwood_and_woodwaste,0.00E+00
08_JPN,15_3_charcoal,0.00E+00
08_JPN,15_4_black_liquor,0.00E+00
08_JPN,15_5_other_biomass,0.00E+00
08_JPN,16_1_biogas,0.00E+00
08_JPN,16_2_industrial_waste,1.43E-04
08_JPN,16_3_municipal_solid_waste_renewable,0.00E+00
08_JPN,16_4_municipal_solid_waste_nonrenewable,9.18E-05
08_JPN,16_5_biogasoline,0.00E+00
08_JPN,16_6_biodiesel,0.00E+00
08_JPN,16_8_other_liquid_biofuels,0.00E+00
08_JPN,1_1_coking_coal,9.47E-05
08_JPN,1_2_other_bituminous_coal,9.47E-05
08_JPN,1_3_subbituminous_coal,9.62E-05
08_JPN,1_4_anthracite,9.84E-05
08_JPN,1_5_lignite,1.01E-04
08_JPN,1_x_coal_thermal,9.47E-05
08_JPN,2_1_coke_oven_coke,1.08E-04
08_JPN,2_2_coke_oven_gas,4.44E-05
08_JPN,2_3_blast_furnace_gas,2.60E-04
08_JPN,2_4_other_recovered_gases,1.82E-04
08_JPN,2_5_patent_fuel,9.76E-05
08_JPN,2_6_coal_tar,8.07E-05
08_JPN,2_7_bkb_pb,9.47E-05
08_JPN,2_coal_products,1.44E-04
08_JPN,3_peat,1.06E-04
08_JPN,4_peat_products,1.06E-04
08_JPN,5_oil_shale_and_oil_sands,7.34E-05
08_JPN,5_oil_shale_and_oil_sands,1.07E-04
08_JPN,6_1_crude_oil,7.34E-05
08_JPN,6_2_natural_gas_liquids,6.31E-05
08_JPN,6_3_refinery_feedstocks,7.34E-05
08_JPN,6_4_additives_oxygenates,6.31E-05
08_JPN,6_5_other_hydrocarbons,7.34E-05
08_JPN,6_x_ngls,6.31E-05
08_JPN,7_10_refinery_gas_not_liquefied,5.76E-05
08_JPN,7_11_ethane,6.17E-05
08_JPN,7_12_white_spirit_sbp,7.34E-05
08_JPN,7_13_lubricants,7.34E-05
08_JPN,7_14_bitumen,8.07E-05
08_JPN,7_15_paraffin_waxes,7.34E-05
08_JPN,7_16_petroleum_coke,1.01E-04
08_JPN,7_17_other_products,7.34E-05
08_JPN,7_1_motor_gasoline,6.94E-05
08_JPN,7_2_aviation_gasoline,7.01E-05
08_JPN,7_3_naphtha,7.34E-05
08_JPN,7_4_gasoline_type_jet_fuel,7.01E-05
08_JPN,7_5_kerosene_type_jet_fuel,7.16E-05
08_JPN,7_6_kerosene,7.19E-05
08_JPN,7_7_gas_diesel_oil,7.41E-05
08_JPN,7_8_fuel_oil,7.74E-05
08_JPN,7_9_lpg,6.31E-05
08_JPN,7_x_jet_fuel,7.16E-05
08_JPN,7_x_other_petroleum_products,8.30E-05
08_JPN,8_1_natural_gas,5.62E-05
08_JPN,8_2_lng,5.62E-05
08_JPN,8_3_gas_works_gas,4.44E-05
09_ROK,15_1_fuelwood_and_woodwaste,0.00E+00
09_ROK,15_3_charcoal,0.00E+00
09_ROK,15_4_black_liquor,0.00E+00
09_ROK,15_5_other_biomass,0.00E+00
09_ROK,16_1_biogas,0.00E+00
09_ROK,16_2_industrial_waste,1.43E-04
09_ROK,16_3_municipal_solid_waste_renewable,0.00E+00
09_ROK,16_4_municipal_solid_waste_nonrenewable,9.18E-05
09_ROK,16_5_biogasoline,0.00E+00
09_ROK,16_6_biodiesel,0.00E+00
09_ROK,16_8_other_liquid_biofuels,0.00E+00
09_ROK,1_1_coking_coal,9.47E-05
09_ROK,1_2_other_bituminous_coal,9.47E-05
09_ROK,1_3_subbituminous_coal,9.62E-05
09_ROK,1_4_anthracite,9.84E-05
09_ROK,1_5_lignite,1.01E-04
09_ROK,1_x_coal_thermal,9.58E-05
09_ROK,2_1_coke_oven_coke,1.08E-04
09_ROK,2_2_coke_oven_gas,4.44E-05
09_ROK,2_3_blast_furnace_gas,2.60E-04
09_ROK,2_4_other_recovered_gases,1.82E-04
09_ROK,2_5_patent_fuel,9.76E-05
09_ROK,2_6_coal_tar,8.07E-05
09_ROK,2_7_bkb_pb,9.47E-05
09_ROK,2_coal_products,8.49E-05
09_ROK,3_peat,1.06E-04
09_ROK,4_peat_products,1.06E-04
09_ROK,5_oil_shale_and_oil_sands,7.34E-05
09_ROK,5_oil_shale_and_oil_sands,1.07E-04
09_ROK,6_1_crude_oil,7.34E-05
09_ROK,6_2_natural_gas_liquids,6.31E-05
09_ROK,6_3_refinery_feedstocks,7.34E-05
09_ROK,6_4_additives_oxygenates,6.31E-05
09_ROK,6_5_other_hydrocarbons,7.34E-05
09_ROK,7_10_refinery_gas_not_liquefied,5.76E-05
09_ROK,7_11_ethane,6.17E-05
09_ROK,7_12_white_spirit_sbp,7.34E-05
09_ROK,7_13_lubricants,7.34E-05
09_ROK,7_14_bitumen,8.07E-05
09_ROK,7_15_paraffin_waxes,7.34E-05
09_ROK,7_16_petroleum_coke,1.01E-04
09_ROK,7_17_other_products,7.34E-05
09_ROK,7_1_motor_gasoline,6.94E-05
09_ROK,7_2_aviation_gasoline,7.01E-05
09_ROK,7_3_naphtha,7.34E-05
09_ROK,7_4_gasoline_type_jet_fuel,7.01E-05
09_ROK,7_5_kerosene_type_jet_fuel,7.16E-05
09_ROK,7_6_kerosene,7.19E-05
09_ROK,7_7_gas_diesel_oil,7.41E-05
09_ROK,7_8_fuel_oil,7.74E-05
09_ROK,7_9_lpg,6.31E-05
09_ROK,7_x_jet_fuel,7.16E-05
09_ROK,7_x_other_petroleum_products,7.64E-05
09_ROK,8_1_natural_gas,5.62E-05
09_ROK,8_2_lng,5.62E-05
09_ROK,8_3_gas_works_gas,4.44E-05
10_MAS,15_1_fuelwood_and_woodwaste,0.00E+00
10_MAS,15_3_charcoal,0.00E+00
10_MAS,15_4_black_liquor,0.00E+00
10_MAS,15_5_other_biomass,0.00E+00
10_MAS,16_1_biogas,0.00E+00
10_MAS,16_2_industrial_waste,1.43E-04
10_MAS,16_3_municipal_solid_waste_renewable,0.00E+00
10_MAS,16_4_municipal_solid_waste_nonrenewable,9.18E-05
10_MAS,16_5_biogasoline,0.00E+00
10_MAS,16_6_biodiesel,0.00E+00
10_MAS,16_8_other_liquid_biofuels,0.00E+00
10_MAS,1_1_coking_coal,9.47E-05
10_MAS,1_2_other_bituminous_coal,9.47E-05
10_MAS,1_3_subbituminous_coal,9.62E-05
10_MAS,1_4_anthracite,9.84E-05
10_MAS,1_5_lignite,1.01E-04
10_MAS,1_x_coal_thermal,9.62E-05
10_MAS,2_1_coke_oven_coke,1.08E-04
10_MAS,2_2_coke_oven_gas,4.44E-05
10_MAS,2_3_blast_furnace_gas,2.60E-04
10_MAS,2_4_other_recovered_gases,1.82E-04
10_MAS,2_5_patent_fuel,9.76E-05
10_MAS,2_6_coal_tar,8.07E-05
10_MAS,2_7_bkb_pb,9.47E-05
10_MAS,3_peat,1.06E-04
10_MAS,4_peat_products,1.06E-04
10_MAS,5_oil_shale_and_oil_sands,7.34E-05
10_MAS,5_oil_shale_and_oil_sands,1.07E-04
10_MAS,6_1_crude_oil,7.34E-05
10_MAS,6_2_natural_gas_liquids,6.31E-05
10_MAS,6_3_refinery_feedstocks,7.34E-05
10_MAS,6_4_additives_oxygenates,6.31E-05
10_MAS,6_5_other_hydrocarbons,7.34E-05
10_MAS,7_10_refinery_gas_not_liquefied,5.76E-05
10_MAS,7_11_ethane,6.17E-05
10_MAS,7_12_white_spirit_sbp,7.34E-05
10_MAS,7_13_lubricants,7.34E-05
10_MAS,7_14_bitumen,8.07E-05
10_MAS,7_15_paraffin_waxes,7.34E-05
10_MAS,7_16_petroleum_coke,1.01E-04
10_MAS,7_17_other_products,7.34E-05
10_MAS,7_1_motor_gasoline,6.94E-05
10_MAS,7_2_aviation_gasoline,7.01E-05
10_MAS,7_3_naphtha,7.34E-05
10_MAS,7_4_gasoline_type_jet_fuel,7.01E-05
10_MAS,7_5_kerosene_type_jet_fuel,7.16E-05
10_MAS,7_6_kerosene,7.19E-05
10_MAS,7_7_gas_diesel_oil,7.41E-05
10_MAS,7_8_fuel_oil,7.74E-05
10_MAS,7_9_lpg,6.31E-05
10_MAS,7_x_jet_fuel,7.16E-05
10_MAS,7_x_other_petroleum_products,7.34E-05
10_MAS,8_1_natural_gas,5.62E-05
10_MAS,8_2_lng,5.62E-05
10_MAS,8_3_gas_works_gas,4.44E-05
11_MEX,15_1_fuelwood_and_woodwaste,0.00E+00
11_MEX,15_3_charcoal,0.00E+00
11_MEX,15_4_black_liquor,0.00E+00
11_MEX,15_5_other_biomass,0.00E+00
11_MEX,16_1_biogas,0.00E+00
11_MEX,16_2_industrial_waste,1.43E-04
11_MEX,16_3_municipal_solid_waste_renewable,0.00E+00
11_MEX,16_4_municipal_solid_waste_nonrenewable,9.18E-05
11_MEX,16_5_biogasoline,0.00E+00
11_MEX,16_6_biodiesel,0.00E+00
11_MEX,16_8_other_liquid_biofuels,0.00E+00
11_MEX,1_1_coking_coal,9.47E-05
11_MEX,1_2_other_bituminous_coal,9.47E-05
11_MEX,1_3_subbituminous_coal,9.62E-05
11_MEX,1_4_anthracite,9.84E-05
11_MEX,1_5_lignite,1.01E-04
11_MEX,1_x_coal_thermal,9.66E-05
11_MEX,2_1_coke_oven_coke,1.08E-04
11_MEX,2_2_coke_oven_gas,4.44E-05
11_MEX,2_3_blast_furnace_gas,2.60E-04
11_MEX,2_4_other_recovered_gases,1.82E-04
11_MEX,2_5_patent_fuel,9.76E-05
11_MEX,2_6_coal_tar,8.07E-05
11_MEX,2_7_bkb_pb,9.47E-05
11_MEX,2_coal_products,9.79E-05
11_MEX,3_peat,1.06E-04
11_MEX,4_peat_products,1.06E-04
11_MEX,5_oil_shale_and_oil_sands,7.34E-05
11_MEX,5_oil_shale_and_oil_sands,1.07E-04
11_MEX,6_1_crude_oil,7.34E-05
11_MEX,6_2_natural_gas_liquids,6.31E-05
11_MEX,6_3_refinery_feedstocks,7.34E-05
11_MEX,6_4_additives_oxygenates,6.31E-05
11_MEX,6_5_other_hydrocarbons,7.34E-05
11_MEX,7_10_refinery_gas_not_liquefied,5.76E-05
11_MEX,7_11_ethane,6.17E-05
11_MEX,7_12_white_spirit_sbp,7.34E-05
11_MEX,7_13_lubricants,7.34E-05
11_MEX,7_14_bitumen,8.07E-05
11_MEX,7_15_paraffin_waxes,7.34E-05
11_MEX,7_16_petroleum_coke,1.01E-04
11_MEX,7_17_other_products,7.34E-05
11_MEX,7_1_motor_gasoline,6.94E-05
11_MEX,7_2_aviation_gasoline,7.01E-05
11_MEX,7_3_naphtha,7.34E-05
11_MEX,7_4_gasoline_type_jet_fuel,7.01E-05
11_MEX,7_5_kerosene_type_jet_fuel,7.16E-05
11_MEX,7_6_kerosene,7.19E-05
11_MEX,7_7_gas_diesel_oil,7.41E-05
11_MEX,7_8_fuel_oil,7.74E-05
11_MEX,7_9_lpg,6.31E-05
11_MEX,7_x_other_petroleum_products,9.55E-05
11_MEX,8_1_natural_gas,5.62E-05
11_MEX,8_2_lng,5.62E-05
11_MEX,8_3_gas_works_gas,4.44E-05
12_NZ,15_1_fuelwood_and_woodwaste,0.00E+00
12_NZ,15_3_charcoal,0.00E+00
12_NZ,15_4_black_liquor,0.00E+00
12_NZ,15_5_other_biomass,0.00E+00
12_NZ,16_1_biogas,0.00E+00
12_NZ,16_2_industrial_waste,1.43E-04
12_NZ,16_3_municipal_solid_waste_renewable,0.00E+00
12_NZ,16_4_municipal_solid_waste_nonrenewable,9.18E-05
12_NZ,16_5_biogasoline,0.00E+00
12_NZ,16_6_biodiesel,0.00E+00
12_NZ,16_8_other_liquid_biofuels,0.00E+00
12_NZ,1_1_coking_coal,9.47E-05
12_NZ,1_2_other_bituminous_coal,9.47E-05
12_NZ,1_3_subbituminous_coal,9.62E-05
12_NZ,1_4_anthracite,9.84E-05
12_NZ,1_5_lignite,1.01E-04
12_NZ,1_x_coal_thermal,9.59E-05
12_NZ,2_1_coke_oven_coke,1.08E-04
12_NZ,2_2_coke_oven_gas,4.44E-05
12_NZ,2_3_blast_furnace_gas,2.60E-04
12_NZ,2_4_other_recovered_gases,1.82E-04
12_NZ,2_5_patent_fuel,9.76E-05
12_NZ,2_6_coal_tar,8.07E-05
12_NZ,2_7_bkb_pb,9.47E-05
12_NZ,2_coal_products,1.83E-04
12_NZ,3_peat,1.06E-04
12_NZ,4_peat_products,1.06E-04
12_NZ,5_oil_shale_and_oil_sands,7.34E-05
12_NZ,5_oil_shale_and_oil_sands,1.07E-04
12_NZ,6_1_crude_oil,7.34E-05
12_NZ,6_2_natural_gas_liquids,6.31E-05
12_NZ,6_3_refinery_feedstocks,7.34E-05
12_NZ,6_4_additives_oxygenates,6.31E-05
12_NZ,6_5_other_hydrocarbons,7.34E-05
12_NZ,7_10_refinery_gas_not_liquefied,5.76E-05
12_NZ,7_11_ethane,6.17E-05
12_NZ,7_12_white_spirit_sbp,7.34E-05
12_NZ,7_13_lubricants,7.34E-05
12_NZ,7_14_bitumen,8.07E-05
12_NZ,7_15_paraffin_waxes,7.34E-05
12_NZ,7_16_petroleum_coke,1.01E-04
12_NZ,7_17_other_products,7.34E-05
12_NZ,7_1_motor_gasoline,6.94E-05
12_NZ,7_2_aviation_gasoline,7.01E-05
12_NZ,7_3_naphtha,7.34E-05
12_NZ,7_4_gasoline_type_jet_fuel,7.01E-05
12_NZ,7_5_kerosene_type_jet_fuel,7.16E-05
12_NZ,7_6_kerosene,7.19E-05
12_NZ,7_7_gas_diesel_oil,7.41E-05
12_NZ,7_8_fuel_oil,7.74E-05
12_NZ,7_9_lpg,6.31E-05
12_NZ,7_x_jet_fuel,7.16E-05
12_NZ,7_x_other_petroleum_products,8.37E-05
12_NZ,8_1_natural_gas,5.62E-05
12_NZ,8_2_lng,5.62E-05
12_NZ,8_3_gas_works_gas,4.44E-05
13_PNG,15_1_fuelwood_and_woodwaste,0.00E+00
13_PNG,15_3_charcoal,0.00E+00
13_PNG,15_4_black_liquor,0.00E+00
13_PNG,15_5_other_biomass,0.00E+00
13_PNG,16_1_biogas,0.00E+00
13_PNG,16_2_industrial_waste,1.43E-04
13_PNG,16_3_municipal_solid_waste_renewable,0.00E+00
13_PNG,16_4_municipal_solid_waste_nonrenewable,9.18E-05
13_PNG,16_5_biogasoline,0.00E+00
13_PNG,16_6_biodiesel,0.00E+00
13_PNG,16_8_other_liquid_biofuels,0.00E+00
13_PNG,1_1_coking_coal,9.47E-05
13_PNG,1_2_other_bituminous_coal,9.47E-05
13_PNG,1_3_subbituminous_coal,9.62E-05
13_PNG,1_4_anthracite,9.84E-05
13_PNG,1_5_lignite,1.01E-04
13_PNG,2_1_coke_oven_coke,1.08E-04
13_PNG,2_2_coke_oven_gas,4.44E-05
13_PNG,2_3_blast_furnace_gas,2.60E-04
13_PNG,2_4_other_recovered_gases,1.82E-04
13_PNG,2_5_patent_fuel,9.76E-05
13_PNG,2_6_coal_tar,8.07E-05
13_PNG,2_7_bkb_pb,9.47E-05
13_PNG,3_peat,1.06E-04
13_PNG,4_peat_products,1.06E-04
13_PNG,5_oil_shale_and_oil_sands,7.34E-05
13_PNG,5_oil_shale_and_oil_sands,1.07E-04
13_PNG,6_1_crude_oil,7.34E-05
13_PNG,6_2_natural_gas_liquids,6.31E-05
13_PNG,6_3_refinery_feedstocks,7.34E-05
13_PNG,6_4_additives_oxygenates,6.31E-05
13_PNG,6_5_other_hydrocarbons,7.34E-05
13_PNG,7_10_refinery_gas_not_liquefied,5.76E-05
13_PNG,7_11_ethane,6.17E-05
13_PNG,7_12_white_spirit_sbp,7.34E-05
13_PNG,7_13_lubricants,7.34E-05
13_PNG,7_14_bitumen,8.07E-05
13_PNG,7_15_paraffin_waxes,7.34E-05
13_PNG,7_16_petroleum_coke,1.01E-04
13_PNG,7_17_other_products,7.34E-05
13_PNG,7_1_motor_gasoline,6.94E-05
13_PNG,7_2_aviation_gasoline,7.01E-05
13_PNG,7_3_naphtha,7.34E-05
13_PNG,7_4_gasoline_type_jet_fuel,7.01E-05
13_PNG,7_5_kerosene_type_jet_fuel,7.16E-05
13_PNG,7_6_kerosene,7.19E-05
13_PNG,7_7_gas_diesel_oil,7.41E-05
13_PNG,7_8_fuel_oil,7.74E-05
13_PNG,7_9_lpg,6.31E-05
13_PNG,7_x_jet_fuel,7.16E-05
13_PNG,8_1_natural_gas,5.62E-05
13_PNG,8_2_lng,5.62E-05
13_PNG,8_3_gas_works_gas,4.44E-05
14_PE,15_1_fuelwood_and_woodwaste,0.00E+00
14_PE,15_3_charcoal,0.00E+00
14_PE,15_4_black_liquor,0.00E+00
14_PE,15_5_other_biomass,0.00E+00
14_PE,16_1_biogas,0.00E+00
14_PE,16_2_industrial_waste,1.43E-04
14_PE,16_3_municipal_solid_waste_renewable,0.00E+00
14_PE,16_4_municipal_solid_waste_nonrenewable,9.18E-05
14_PE,16_5_biogasoline,0.00E+00
14_PE,16_6_biodiesel,0.00E+00
14_PE,16_8_other_liquid_biofuels,0.00E+00
14_PE,1_1_coking_coal,9.47E-05
14_PE,1_2_other_bituminous_coal,9.47E-05
14_PE,1_3_subbituminous_coal,9.62E-05
14_PE,1_4_anthracite,9.84E-05
14_PE,1_5_lignite,1.01E-04
14_PE,1_x_coal_thermal,9.47E-05
14_PE,2_1_coke_oven_coke,1.08E-04
14_PE,2_2_coke_oven_gas,4.44E-05
14_PE,2_3_blast_furnace_gas,2.60E-04
14_PE,2_4_other_recovered_gases,1.82E-04
14_PE,2_5_patent_fuel,9.76E-05
14_PE,2_6_coal_tar,8.07E-05
14_PE,2_7_bkb_pb,9.47E-05
14_PE,2_coal_products,1.08E-04
14_PE,3_peat,1.06E-04
14_PE,4_peat_products,1.06E-04
14_PE,5_oil_shale_and_oil_sands,7.34E-05
14_PE,5_oil_shale_and_oil_sands,1.07E-04
14_PE,6_1_crude_oil,7.34E-05
14_PE,6_2_natural_gas_liquids,6.31E-05
14_PE,6_3_refinery_feedstocks,7.34E-05
14_PE,6_4_additives_oxygenates,6.31E-05
14_PE,6_5_other_hydrocarbons,7.34E-05
14_PE,7_10_refinery_gas_not_liquefied,5.76E-05
14_PE,7_11_ethane,6.17E-05
14_PE,7_12_white_spirit_sbp,7.34E-05
14_PE,7_13_lubricants,7.34E-05
14_PE,7_14_bitumen,8.07E-05
14_PE,7_15_paraffin_waxes,7.34E-05
14_PE,7_16_petroleum_coke,1.01E-04
14_PE,7_17_other_products,7.34E-05
14_PE,7_1_motor_gasoline,6.94E-05
14_PE,7_2_aviation_gasoline,7.01E-05
14_PE,7_3_naphtha,7.34E-05
14_PE,7_4_gasoline_type_jet_fuel,7.01E-05
14_PE,7_5_kerosene_type_jet_fuel,7.16E-05
14_PE,7_6_kerosene,7.19E-05
14_PE,7_7_gas_diesel_oil,7.41E-05
14_PE,7_8_fuel_oil,7.74E-05
14_PE,7_9_lpg,6.31E-05
14_PE,7_x_jet_fuel,7.16E-05
14_PE,7_x_other_petroleum_products,7.34E-05
14_PE,8_1_natural_gas,5.62E-05
14_PE,8_2_lng,5.62E-05
14_PE,8_3_gas_works_gas,4.44E-05
15_RP,15_1_fuelwood_and_woodwaste,0.00E+00
15_RP,15_3_charcoal,0.00E+00
15_RP,15_4_black_liquor,0.00E+00
15_RP,15_5_other_biomass,0.00E+00
15_RP,16_1_biogas,0.00E+00
15_RP,16_2_industrial_waste,1.43E-04
15_RP,16_3_municipal_solid_waste_renewable,0.00E+00
15_RP,16_4_municipal_solid_waste_nonrenewable,9.18E-05
15_RP,16_5_biogasoline,0.00E+00
15_RP,16_6_biodiesel,0.00E+00
15_RP,16_8_other_liquid_biofuels,0.00E+00
15_RP,1_1_coking_coal,9.47E-05
15_RP,1_2_other_bituminous_coal,9.47E-05
15_RP,1_3_subbituminous_coal,9.62E-05
15_RP,1_4_anthracite,9.84E-05
15_RP,1_5_lignite,1.01E-04
15_RP,1_x_coal_thermal,9.62E-05
15_RP,2_1_coke_oven_coke,1.08E-04
15_RP,2_2_coke_oven_gas,4.44E-05
15_RP,2_3_blast_furnace_gas,2.60E-04
15_RP,2_4_other_recovered_gases,1.82E-04
15_RP,2_5_patent_fuel,9.76E-05
15_RP,2_6_coal_tar,8.07E-05
15_RP,2_7_bkb_pb,9.47E-05
15_RP,3_peat,1.06E-04
15_RP,4_peat_products,1.06E-04
15_RP,5_oil_shale_and_oil_sands,7.34E-05
15_RP,5_oil_shale_and_oil_sands,1.07E-04
15_RP,6_1_crude_oil,7.34E-05
15_RP,6_2_natural_gas_liquids,6.31E-05
15_RP,6_3_refinery_feedstocks,7.34E-05
15_RP,6_4_additives_oxygenates,6.31E-05
15_RP,6_5_other_hydrocarbons,7.34E-05
15_RP,7_10_refinery_gas_not_liquefied,5.76E-05
15_RP,7_11_ethane,6.17E-05
15_RP,7_12_white_spirit_sbp,7.34E-05
15_RP,7_13_lubricants,7.34E-05
15_RP,7_14_bitumen,8.07E-05
15_RP,7_15_paraffin_waxes,7.34E-05
15_RP,7_16_petroleum_coke,1.01E-04
15_RP,7_17_other_products,7.34E-05
15_RP,7_1_motor_gasoline,6.94E-05
15_RP,7_2_aviation_gasoline,7.01E-05
15_RP,7_3_naphtha,7.34E-05
15_RP,7_4_gasoline_type_jet_fuel,7.01E-05
15_RP,7_5_kerosene_type_jet_fuel,7.16E-05
15_RP,7_6_kerosene,7.19E-05
15_RP,7_7_gas_diesel_oil,7.41E-05
15_RP,7_8_fuel_oil,7.74E-05
15_RP,7_9_lpg,6.31E-05
15_RP,7_x_jet_fuel,7.16E-05
15_RP,7_x_other_petroleum_products,7.87E-05
15_RP,8_1_natural_gas,5.62E-05
15_RP,8_2_lng,5.62E-05
15_RP,8_3_gas_works_gas,4.44E-05
16_RUS,15_1_fuelwood_and_woodwaste,0.00E+00
16_RUS,15_3_charcoal,0.00E+00
16_RUS,15_4_black_liquor,0.00E+00
16_RUS,15_5_other_biomass,0.00E+00
16_RUS,16_1_biogas,0.00E+00
16_RUS,16_2_industrial_waste,1.43E-04
16_RUS,16_3_municipal_solid_waste_renewable,0.00E+00
16_RUS,16_4_municipal_solid_waste_nonrenewable,9.18E-05
16_RUS,16_5_biogasoline,0.00E+00
16_RUS,16_6_biodiesel,0.00E+00
16_RUS,16_8_other_liquid_biofuels,0.00E+00
16_RUS,1_1_coking_coal,9.47E-05
16_RUS,1_2_other_bituminous_coal,9.47E-05
16_RUS,1_3_subbituminous_coal,9.62E-05
16_RUS,1_4_anthracite,9.84E-05
16_RUS,1_5_lignite,1.01E-04
16_RUS,1_x_coal_thermal,9.47E-05
16_RUS,2_1_coke_oven_coke,1.08E-04
16_RUS,2_2_coke_oven_gas,4.44E-05
16_RUS,2_3_blast_furnace_gas,2.60E-04
16_RUS,2_4_other_recovered_gases,1.82E-04
16_RUS,2_5_patent_fuel,9.76E-05
16_RUS,2_6_coal_tar,8.07E-05
16_RUS,2_7_bkb_pb,9.47E-05
16_RUS,2_coal_products,1.24E-04
16_RUS,3_peat,1.06E-04
16_RUS,4_peat_products,1.06E-04
16_RUS,5_oil_shale_and_oil_sands,7.34E-05
16_RUS,5_oil_shale_and_oil_sands,1.07E-04
16_RUS,6_1_crude_oil,7.34E-05
16_RUS,6_2_natural_gas_liquids,6.31E-05
16_RUS,6_3_refinery_feedstocks,7.34E-05
16_RUS,6_4_additives_oxygenates,6.31E-05
16_RUS,6_5_other_hydrocarbons,7.34E-05
16_RUS,7_10_refinery_gas_not_liquefied,5.76E-05
16_RUS,7_11_ethane,6.17E-05
16_RUS,7_12_white_spirit_sbp,7.34E-05
16_RUS,7_13_lubricants,7.34E-05
16_RUS,7_14_bitumen,8.07E-05
16_RUS,7_15_paraffin_waxes,7.34E-05
16_RUS,7_16_petroleum_coke,1.01E-04
16_RUS,7_17_other_products,7.34E-05
16_RUS,7_1_motor_gasoline,6.94E-05
16_RUS,7_2_aviation_gasoline,7.01E-05
16_RUS,7_3_naphtha,7.34E-05
16_RUS,7_4_gasoline_type_jet_fuel,7.01E-05
16_RUS,7_5_kerosene_type_jet_fuel,7.16E-05
16_RUS,7_6_kerosene,7.19E-05
16_RUS,7_7_gas_diesel_oil,7.41E-05
16_RUS,7_8_fuel_oil,7.74E-05
16_RUS,7_9_lpg,6.31E-05
16_RUS,7_x_jet_fuel,7.16E-05
16_RUS,7_x_other_petroleum_products,7.99E-05
16_RUS,8_1_natural_gas,5.62E-05
16_RUS,8_2_lng,5.62E-05
16_RUS,8_3_gas_works_gas,4.44E-05
17_SIN,15_1_fuelwood_and_woodwaste,0.00E+00
17_SIN,15_3_charcoal,0.00E+00
17_SIN,15_4_black_liquor,0.00E+00
17_SIN,15_5_other_biomass,0.00E+00
17_SIN,16_1_biogas,0.00E+00
17_SIN,16_2_industrial_waste,1.43E-04
17_SIN,16_3_municipal_solid_waste_renewable,0.00E+00
17_SIN,16_4_municipal_solid_waste_nonrenewable,9.18E-05
17_SIN,16_5_biogasoline,0.00E+00
17_SIN,16_6_biodiesel,0.00E+00
17_SIN,16_8_other_liquid_biofuels,0.00E+00
17_SIN,1_1_coking_coal,9.47E-05
17_SIN,1_2_other_bituminous_coal,9.47E-05
17_SIN,1_3_subbituminous_coal,9.62E-05
17_SIN,1_4_anthracite,9.84E-05
17_SIN,1_5_lignite,1.01E-04
17_SIN,1_x_coal_thermal,9.47E-05
17_SIN,2_1_coke_oven_coke,1.08E-04
17_SIN,2_2_coke_oven_gas,4.44E-05
17_SIN,2_3_blast_furnace_gas,2.60E-04
17_SIN,2_4_other_recovered_gases,1.82E-04
17_SIN,2_5_patent_fuel,9.76E-05
17_SIN,2_6_coal_tar,8.07E-05
17_SIN,2_7_bkb_pb,9.47E-05
17_SIN,3_peat,1.06E-04
17_SIN,4_peat_products,1.06E-04
17_SIN,5_oil_shale_and_oil_sands,7.34E-05
17_SIN,5_oil_shale_and_oil_sands,1.07E-04
17_SIN,6_1_crude_oil,7.34E-05
17_SIN,6_2_natural_gas_liquids,6.31E-05
17_SIN,6_3_refinery_feedstocks,7.34E-05
17_SIN,6_4_additives_oxygenates,6.31E-05
17_SIN,6_5_other_hydrocarbons,7.34E-05
17_SIN,7_10_refinery_gas_not_liquefied,5.76E-05
17_SIN,7_11_ethane,6.17E-05
17_SIN,7_12_white_spirit_sbp,7.34E-05
17_SIN,7_13_lubricants,7.34E-05
17_SIN,7_14_bitumen,8.07E-05
17_SIN,7_15_paraffin_waxes,7.34E-05
17_SIN,7_16_petroleum_coke,1.01E-04
17_SIN,7_17_other_products,7.34E-05
17_SIN,7_1_motor_gasoline,6.94E-05
17_SIN,7_2_aviation_gasoline,7.01E-05
17_SIN,7_3_naphtha,7.34E-05
17_SIN,7_4_gasoline_type_jet_fuel,7.01E-05
17_SIN,7_5_kerosene_type_jet_fuel,7.16E-05
17_SIN,7_6_kerosene,7.19E-05
17_SIN,7_7_gas_diesel_oil,7.41E-05
17_SIN,7_8_fuel_oil,7.74E-05
17_SIN,7_9_lpg,6.31E-05
17_SIN,7_x_other_petroleum_products,8.12E-05
17_SIN,8_1_natural_gas,5.62E-05
17_SIN,8_2_lng,5.62E-05
17_SIN,8_3_gas_works_gas,4.44E-05
18_CT,15_1_fuelwood_and_woodwaste,0.00E+00
18_CT,15_3_charcoal,0.00E+00
18_CT,15_4_black_liquor,0.00E+00
18_CT,15_5_other_biomass,0.00E+00
18_CT,16_1_biogas,0.00E+00
18_CT,16_2_industrial_waste,1.43E-04
18_CT,16_3_municipal_solid_waste_renewable,0.00E+00
18_CT,16_4_municipal_solid_waste_nonrenewable,9.18E-05
18_CT,16_5_biogasoline,0.00E+00
18_CT,16_6_biodiesel,0.00E+00
18_CT,16_8_other_liquid_biofuels,0.00E+00
18_CT,1_1_coking_coal,9.47E-05
18_CT,1_2_other_bituminous_coal,9.47E-05
18_CT,1_3_subbituminous_coal,9.62E-05
18_CT,1_4_anthracite,9.84E-05
18_CT,1_5_lignite,1.01E-04
18_CT,1_x_coal_thermal,9.70E-05
18_CT,2_1_coke_oven_coke,1.08E-04
18_CT,2_2_coke_oven_gas,4.44E-05
18_CT,2_3_blast_furnace_gas,2.60E-04
18_CT,2_4_other_recovered_gases,1.82E-04
18_CT,2_5_patent_fuel,9.76E-05
18_CT,2_6_coal_tar,8.07E-05
18_CT,2_7_bkb_pb,9.47E-05
18_CT,2_coal_products,1.07E-04
18_CT,3_peat,1.06E-04
18_CT,4_peat_products,1.06E-04
18_CT,5_oil_shale_and_oil_sands,7.34E-05
18_CT,5_oil_shale_and_oil_sands,1.07E-04
18_CT,6_1_crude_oil,7.34E-05
18_CT,6_2_natural_gas_liquids,6.31E-05
18_CT,6_3_refinery_feedstocks,7.34E-05
18_CT,6_4_additives_oxygenates,6.31E-05
18_CT,6_5_other_hydrocarbons,7.34E-05
18_CT,7_10_refinery_gas_not_liquefied,5.76E-05
18_CT,7_11_ethane,6.17E-05
18_CT,7_12_white_spirit_sbp,7.34E-05
18_CT,7_13_lubricants,7.34E-05
18_CT,7_14_bitumen,8.07E-05
18_CT,7_15_paraffin_waxes,7.34E-05
18_CT,7_16_petroleum_coke,1.01E-04
18_CT,7_17_other_products,7.34E-05
18_CT,7_1_motor_gasoline,6.94E-05
18_CT,7_2_aviation_gasoline,7.01E-05
18_CT,7_3_naphtha,7.34E-05
18_CT,7_4_gasoline_type_jet_fuel,7.01E-05
18_CT,7_5_kerosene_type_jet_fuel,7.16E-05
18_CT,7_6_kerosene,7.19E-05
18_CT,7_7_gas_diesel_oil,7.41E-05
18_CT,7_8_fuel_oil,7.74E-05
18_CT,7_9_lpg,6.31E-05
18_CT,7_x_jet_fuel,7.16E-05
18_CT,7_x_other_petroleum_products,7.44E-05
18_CT,8_1_natural_gas,5.62E-05
18_CT,8_2_lng,5.62E-05
18_CT,8_3_gas_works_gas,4.44E-05
19_THA,15_1_fuelwood_and_woodwaste,0.00E+00
19_THA,15_3_charcoal,0.00E+00
19_THA,15_4_black_liquor,0.00E+00
19_THA,15_5_other_biomass,0.00E+00
19_THA,16_1_biogas,0.00E+00
19_THA,16_2_industrial_waste,1.43E-04
19_THA,16_3_municipal_solid_waste_renewable,0.00E+00
19_THA,16_4_municipal_solid_waste_nonrenewable,9.18E-05
19_THA,16_5_biogasoline,0.00E+00
19_THA,16_6_biodiesel,0.00E+00
19_THA,16_8_other_liquid_biofuels,0.00E+00
19_THA,1_1_coking_coal,9.47E-05
19_THA,1_2_other_bituminous_coal,9.47E-05
19_THA,1_3_subbituminous_coal,9.62E-05
19_THA,1_4_anthracite,9.84E-05
19_THA,1_5_lignite,1.01E-04
19_THA,1_x_coal_thermal,9.49E-05
19_THA,2_1_coke_oven_coke,1.08E-04
19_THA,2_2_coke_oven_gas,4.44E-05
19_THA,2_3_blast_furnace_gas,2.60E-04
19_THA,2_4_other_recovered_gases,1.82E-04
19_THA,2_5_patent_fuel,9.76E-05
19_THA,2_6_coal_tar,8.07E-05
19_THA,2_7_bkb_pb,9.47E-05
19_THA,2_coal_products,9.47E-05
19_THA,3_peat,1.06E-04
19_THA,4_peat_products,1.06E-04
19_THA,5_oil_shale_and_oil_sands,7.34E-05
19_THA,5_oil_shale_and_oil_sands,1.07E-04
19_THA,6_1_crude_oil,7.34E-05
19_THA,6_2_natural_gas_liquids,6.31E-05
19_THA,6_3_refinery_feedstocks,7.34E-05
19_THA,6_4_additives_oxygenates,6.31E-05
19_THA,6_5_other_hydrocarbons,7.34E-05
19_THA,6_x_ngls,6.31E-05
19_THA,7_10_refinery_gas_not_liquefied,5.76E-05
19_THA,7_11_ethane,6.17E-05
19_THA,7_12_white_spirit_sbp,7.34E-05
19_THA,7_13_lubricants,7.34E-05
19_THA,7_14_bitumen,8.07E-05
19_THA,7_15_paraffin_waxes,7.34E-05
19_THA,7_16_petroleum_coke,1.01E-04
19_THA,7_17_other_products,7.34E-05
19_THA,7_1_motor_gasoline,6.94E-05
19_THA,7_2_aviation_gasoline,7.01E-05
19_THA,7_3_naphtha,7.34E-05
19_THA,7_4_gasoline_type_jet_fuel,7.01E-05
19_THA,7_5_kerosene_type_jet_fuel,7.16E-05
19_THA,7_6_kerosene,7.19E-05
19_THA,7_7_gas_diesel_oil,7.41E-05
19_THA,7_8_fuel_oil,7.74E-05
19_THA,7_9_lpg,6.31E-05
19_THA,7_x_jet_fuel,7.16E-05
19_THA,7_x_other_petroleum_products,7.34E-05
19_THA,8_1_natural_gas,5.62E-05
19_THA,8_2_lng,5.62E-05
19_THA,8_3_gas_works_gas,4.44E-05
20_USA,15_1_fuelwood_and_woodwaste,0.00E+00
20_USA,15_3_charcoal,0.00E+00
20_USA,15_4_black_liquor,0.00E+00
20_USA,15_5_other_biomass,0.00E+00
20_USA,16_1_biogas,0.00E+00
20_USA,16_2_industrial_waste,1.43E-04
20_USA,16_3_municipal_solid_waste_renewable,0.00E+00
20_USA,16_4_municipal_solid_waste_nonrenewable,9.18E-05
20_USA,16_5_biogasoline,0.00E+00
20_USA,16_6_biodiesel,0.00E+00
20_USA,16_8_other_liquid_biofuels,0.00E+00
20_USA,1_1_coking_coal,9.47E-05
20_USA,1_2_other_bituminous_coal,9.47E-05
20_USA,1_3_subbituminous_coal,9.62E-05
20_USA,1_4_anthracite,9.84E-05
20_USA,1_5_lignite,1.01E-04
20_USA,1_x_coal_thermal,9.50E-05
20_USA,2_1_coke_oven_coke,1.08E-04
20_USA,2_2_coke_oven_gas,4.44E-05
20_USA,2_3_blast_furnace_gas,2.60E-04
20_USA,2_4_other_recovered_gases,1.82E-04
20_USA,2_5_patent_fuel,9.76E-05
20_USA,2_6_coal_tar,8.07E-05
20_USA,2_7_bkb_pb,9.47E-05
20_USA,2_coal_products,1.52E-04
20_USA,3_peat,1.06E-04
20_USA,4_peat_products,1.06E-04
20_USA,5_oil_shale_and_oil_sands,7.34E-05
20_USA,5_oil_shale_and_oil_sands,1.07E-04
20_USA,6_1_crude_oil,7.34E-05
20_USA,6_2_natural_gas_liquids,6.31E-05
20_USA,6_3_refinery_feedstocks,7.34E-05
20_USA,6_4_additives_oxygenates,6.31E-05
20_USA,6_5_other_hydrocarbons,7.34E-05
20_USA,6_x_ngls,6.31E-05
20_USA,7_10_refinery_gas_not_liquefied,5.76E-05
20_USA,7_11_ethane,6.17E-05
20_USA,7_12_white_spirit_sbp,7.34E-05
20_USA,7_13_lubricants,7.34E-05
20_USA,7_14_bitumen,8.07E-05
20_USA,7_15_paraffin_waxes,7.34E-05
20_USA,7_16_petroleum_coke,1.01E-04
20_USA,7_17_other_products,7.34E-05
20_USA,7_1_motor_gasoline,6.94E-05
20_USA,7_2_aviation_gasoline,7.01E-05
20_USA,7_3_naphtha,7.34E-05
20_USA,7_4_gasoline_type_jet_fuel,7.01E-05
20_USA,7_5_kerosene_type_jet_fuel,7.16E-05
20_USA,7_6_kerosene,7.19E-05
20_USA,7_7_gas_diesel_oil,7.41E-05
20_USA,7_8_fuel_oil,7.74E-05
20_USA,7_9_lpg,6.31E-05
20_USA,7_x_jet_fuel,7.16E-05
20_USA,7_x_other_petroleum_products,7.80E-05
20_USA,8_1_natural_gas,5.62E-05
20_USA,8_2_lng,5.62E-05
20_USA,8_3_gas_works_gas,4.44E-05
21_VN,15_1_fuelwood_and_woodwaste,0.00E+00
21_VN,15_3_charcoal,0.00E+00
21_VN,15_4_black_liquor,0.00E+00
21_VN,15_5_other_biomass,0.00E+00
21_VN,16_1_biogas,0.00E+00
21_VN,16_2_industrial_waste,1.43E-04
21_VN,16_3_municipal_solid_waste_renewable,0.00E+00
21_VN,16_4_municipal_solid_waste_nonrenewable,9.18E-05
21_VN,16_5_biogasoline,0.00E+00
21_VN,16_6_biodiesel,0.00E+00
21_VN,16_8_other_liquid_biofuels,0.00E+00
21_VN,1_1_coking_coal,9.47E-05
21_VN,1_2_other_bituminous_coal,9.47E-05
21_VN,1_3_subbituminous_coal,9.62E-05
21_VN,1_4_anthracite,9.84E-05
21_VN,1_5_lignite,1.01E-04
21_VN,1_x_coal_thermal,9.84E-05
21_VN,2_1_coke_oven_coke,1.08E-04
21_VN,2_2_coke_oven_gas,4.44E-05
21_VN,2_3_blast_furnace_gas,2.60E-04
21_VN,2_4_other_recovered_gases,1.82E-04
21_VN,2_5_patent_fuel,9.76E-05
21_VN,2_6_coal_tar,8.07E-05
21_VN,2_7_bkb_pb,9.47E-05
21_VN,3_peat,1.06E-04
21_VN,4_peat_products,1.06E-04
21_VN,5_oil_shale_and_oil_sands,7.34E-05
21_VN,5_oil_shale_and_oil_sands,1.07E-04
21_VN,6_1_crude_oil,7.34E-05
21_VN,6_2_natural_gas_liquids,6.31E-05
21_VN,6_3_refinery_feedstocks,7.34E-05
21_VN,6_4_additives_oxygenates,6.31E-05
21_VN,6_5_other_hydrocarbons,7.34E-05
21_VN,7_10_refinery_gas_not_liquefied,5.76E-05
21_VN,7_11_ethane,6.17E-05
21_VN,7_12_white_spirit_sbp,7.34E-05
21_VN,7_13_lubricants,7.34E-05
21_VN,7_14_bitumen,8.07E-05
21_VN,7_15_paraffin_waxes,7.34E-05
21_VN,7_16_petroleum_coke,1.01E-04
21_VN,7_17_other_products,7.34E-05
21_VN,7_1_motor_gasoline,6.94E-05
21_VN,7_2_aviation_gasoline,7.01E-05
21_VN,7_3_naphtha,7.34E-05
21_VN,7_4_gasoline_type_jet_fuel,7.01E-05
21_VN,7_5_kerosene_type_jet_fuel,7.16E-05
21_VN,7_6_kerosene,7.19E-05
21_VN,7_7_gas_diesel_oil,7.41E-05
21_VN,7_8_fuel_oil,7.74E-05
21_VN,7_9_lpg,6.31E-05
21_VN,7_x_jet_fuel,7.16E-05
21_VN,7_x_other_petroleum_products,7.99E-05
21_VN,8_1_natural_gas,5.62E-05
21_VN,8_2_lng,5.62E-05
21_VN,8_3_gas_works_gas,4.44E-05
22_SEA,15_1_fuelwood_and_woodwaste,0.00E+00
22_SEA,15_3_charcoal,0.00E+00
22_SEA,15_4_black_liquor,0.00E+00
22_SEA,15_5_other_biomass,0.00E+00
22_SEA,16_1_biogas,0.00E+00
22_SEA,16_2_industrial_waste,1.43E-04
22_SEA,16_3_municipal_solid_waste_renewable,0.00E+00
22_SEA,16_4_municipal_solid_waste_nonrenewable,9.18E-05
22_SEA,16_5_biogasoline,0.00E+00
22_SEA,16_6_biodiesel,0.00E+00
22_SEA,16_8_other_liquid_biofuels,0.00E+00
22_SEA,1_1_coking_coal,9.47E-05
22_SEA,1_2_other_bituminous_coal,9.47E-05
22_SEA,1_3_subbituminous_coal,9.62E-05
22_SEA,1_4_anthracite,9.84E-05
22_SEA,1_5_lignite,1.01E-04
22_SEA,1_x_coal_thermal,9.64E-05
22_SEA,2_1_coke_oven_coke,1.08E-04
22_SEA,2_2_coke_oven_gas,4.44E-05
22_SEA,2_3_blast_furnace_gas,2.60E-04
22_SEA,2_4_other_recovered_gases,1.82E-04
22_SEA,2_5_patent_fuel,9.76E-05
22_SEA,2_6_coal_tar,8.07E-05
22_SEA,2_7_bkb_pb,9.47E-05
22_SEA,2_coal_products,9.47E-05
22_SEA,3_peat,1.06E-04
22_SEA,4_peat_products,1.06E-04
22_SEA,5_oil_shale_and_oil_sands,7.34E-05
22_SEA,5_oil_shale_and_oil_sands,1.07E-04
22_SEA,6_1_crude_oil,7.34E-05
22_SEA,6_2_natural_gas_liquids,6.31E-05
22_SEA,6_3_refinery_feedstocks,7.34E-05
22_SEA,6_4_additives_oxygenates,6.31E-05
22_SEA,6_5_other_hydrocarbons,7.34E-05
22_SEA,6_x_ngls,6.31E-05
22_SEA,7_10_refinery_gas_not_liquefied,5.76E-05
22_SEA,7_11_ethane,6.17E-05
22_SEA,7_12_white_spirit_sbp,7.34E-05
22_SEA,7_13_lubricants,7.34E-05
22_SEA,7_14_bitumen,8.07E-05
22_SEA,7_15_paraffin_waxes,7.34E-05
22_SEA,7_16_petroleum_coke,1.01E-04
22_SEA,7_17_other_products,7.34E-05
22_SEA,7_1_motor_gasoline,6.94E-05
22_SEA,7_2_aviation_gasoline,7.01E-05
22_SEA,7_3_naphtha,7.34E-05
22_SEA,7_4_gasoline_type_jet_fuel,7.01E-05
22_SEA,7_5_kerosene_type_jet_fuel,7.16E-05
22_SEA,7_6_kerosene,7.19E-05
22_SEA,7_7_gas_diesel_oil,7.41E-05
22_SEA,7_8_fuel_oil,7.74E-05
22_SEA,7_9_lpg,6.31E-05
22_SEA,7_x_jet_fuel,7.16E-05
22_SEA,7_x_other_petroleum_products,7.45E-05
22_SEA,8_1_natural_gas,5.62E-05
22_SEA,8_2_lng,5.62E-05
22_SEA,8_3_gas_works_gas,4.44E-05
23_NEA,15_1_fuelwood_and_woodwaste,0.00E+00
23_NEA,15_3_charcoal,0.00E+00
23_NEA,15_4_black_liquor,0.00E+00
23_NEA,15_5_other_biomass,0.00E+00
23_NEA,16_1_biogas,0.00E+00
23_NEA,16_2_industrial_waste,1.43E-04
23_NEA,16_3_municipal_solid_waste_renewable,0.00E+00
23_NEA,16_4_municipal_solid_waste_nonrenewable,9.18E-05
23_NEA,16_5_biogasoline,0.00E+00
23_NEA,16_6_biodiesel,0.00E+00
23_NEA,16_8_other_liquid_biofuels,0.00E+00
23_NEA,1_1_coking_coal,9.47E-05
23_NEA,1_2_other_bituminous_coal,9.47E-05
23_NEA,1_3_subbituminous_coal,9.62E-05
23_NEA,1_4_anthracite,9.84E-05
23_NEA,1_5_lignite,1.01E-04
23_NEA,1_x_coal_thermal,9.60E-05
23_NEA,2_1_coke_oven_coke,1.08E-04
23_NEA,2_2_coke_oven_gas,4.44E-05
23_NEA,2_3_blast_furnace_gas,2.60E-04
23_NEA,2_4_other_recovered_gases,1.82E-04
23_NEA,2_5_patent_fuel,9.76E-05
23_NEA,2_6_coal_tar,8.07E-05
23_NEA,2_7_bkb_pb,9.47E-05
23_NEA,2_coal_products,1.25E-04
23_NEA,3_peat,1.06E-04
23_NEA,4_peat_products,1.06E-04
23_NEA,5_oil_shale_and_oil_sands,7.34E-05
23_NEA,5_oil_shale_and_oil_sands,1.07E-04
23_NEA,6_1_crude_oil,7.34E-05
23_NEA,6_2_natural_gas_liquids,6.31E-05
23_NEA,6_3_refinery_feedstocks,7.34E-05
23_NEA,6_4_additives_oxygenates,6.31E-05
23_NEA,6_5_other_hydrocarbons,7.34E-05
23_NEA,6_x_ngls,6.31E-05
23_NEA,7_10_refinery_gas_not_liquefied,5.76E-05
23_NEA,7_11_ethane,6.17E-05
23_NEA,7_12_white_spirit_sbp,7.34E-05
23_NEA,7_13_lubricants,7.34E-05
23_NEA,7_14_bitumen,8.07E-05
23_NEA,7_15_paraffin_waxes,7.34E-05
23_NEA,7_16_petroleum_coke,1.01E-04
23_NEA,7_17_other_products,7.34E-05
23_NEA,7_1_motor_gasoline,6.94E-05
23_NEA,7_2_aviation_gasoline,7.01E-05
23_NEA,7_3_naphtha,7.34E-05
23_NEA,7_4_gasoline_type_jet_fuel,7.01E-05
23_NEA,7_5_kerosene_type_jet_fuel,7.16E-05
23_NEA,7_6_kerosene,7.19E-05
23_NEA,7_7_gas_diesel_oil,7.41E-05
23_NEA,7_8_fuel_oil,7.74E-05
23_NEA,7_9_lpg,6.31E-05
23_NEA,7_x_jet_fuel,7.16E-05
23_NEA,7_x_other_petroleum_products,7.89E-05
23_NEA,8_1_natural_gas,5.62E-05
23_NEA,8_2_lng,5.62E-05
23_NEA,8_3_gas_works_gas,4.44E-05
23b_ONEA,15_1_fuelwood_and_woodwaste,0.00E+00
23b_ONEA,15_3_charcoal,0.00E+00
23b_ONEA,15_4_black_liquor,0.00E+00
23b_ONEA,15_5_other_biomass,0.00E+00
23b_ONEA,16_1_biogas,0.00E+00
23b_ONEA,16_2_industrial_waste,1.43E-04
23b_ONEA,16_3_municipal_solid_waste_renewable,0.00E+00
23b_ONEA,16_4_municipal_solid_waste_nonrenewable,9.18E-05
23b_ONEA,16_5_biogasoline,0.00E+00
23b_ONEA,16_6_biodiesel,0.00E+00
23b_ONEA,16_8_other_liquid_biofuels,0.00E+00
23b_ONEA,1_1_coking_coal,9.47E-05
23b_ONEA,1_2_other_bituminous_coal,9.47E-05
23b_ONEA,1_3_subbituminous_coal,9.62E-05
23b_ONEA,1_4_anthracite,9.84E-05
23b_ONEA,1_5_lignite,1.01E-04
23b_ONEA,1_x_coal_thermal,9.68E-05
23b_ONEA,2_1_coke_oven_coke,1.08E-04
23b_ONEA,2_2_coke_oven_gas,4.44E-05
23b_ONEA,2_3_blast_furnace_gas,2.60E-04
23b_ONEA,2_4_other_recovered_gases,1.82E-04
23b_ONEA,2_5_patent_fuel,9.76E-05
23b_ONEA,2_6_coal_tar,8.07E-05
23b_ONEA,2_7_bkb_pb,9.47E-05
23b_ONEA,2_coal_products,9.05E-05
23b_ONEA,3_peat,1.06E-04
23b_ONEA,4_peat_products,1.06E-04
23b_ONEA,5_oil_shale_and_oil_sands,7.34E-05
23b_ONEA,5_oil_shale_and_oil_sands,1.07E-04
23b_ONEA,6_1_crude_oil,7.34E-05
23b_ONEA,6_2_natural_gas_liquids,6.31E-05
23b_ONEA,6_3_refinery_feedstocks,7.34E-05
23b_ONEA,6_4_additives_oxygenates,6.31E-05
23b_ONEA,6_5_other_hydrocarbons,7.34E-05
23b_ONEA,7_10_refinery_gas_not_liquefied,5.76E-05
23b_ONEA,7_11_ethane,6.17E-05
23b_ONEA,7_12_white_spirit_sbp,7.34E-05
23b_ONEA,7_13_lubricants,7.34E-05
23b_ONEA,7_14_bitumen,8.07E-05
23b_ONEA,7_15_paraffin_waxes,7.34E-05
23b_ONEA,7_16_petroleum_coke,1.01E-04
23b_ONEA,7_17_other_products,7.34E-05
23b_ONEA,7_1_motor_gasoline,6.94E-05
23b_ONEA,7_2_aviation_gasoline,7.01E-05
23b_ONEA,7_3_naphtha,7.34E-05
23b_ONEA,7_4_gasoline_type_jet_fuel,7.01E-05
23b_ONEA,7_5_kerosene_type_jet_fuel,7.16E-05
23b_ONEA,7_6_kerosene,7.19E-05
23b_ONEA,7_7_gas_diesel_oil,7.41E-05
23b_ONEA,7_8_fuel_oil,7.74E-05
23b_ONEA,7_9_lpg,6.31E-05
23b_ONEA,7_x_jet_fuel,7.16E-05
23b_ONEA,7_x_other_petroleum_products,7.52E-05
23b_ONEA,8_1_natural_gas,5.62E-05
23b_ONEA,8_2_lng,5.62E-05
23b_ONEA,8_3_gas_works_gas,4.44E-05
24_OAM,15_1_fuelwood_and_woodwaste,0.00E+00
24_OAM,15_3_charcoal,0.00E+00
24_OAM,15_4_black_liquor,0.00E+00
24_OAM,15_5_other_biomass,0.00E+00
24_OAM,16_1_biogas,0.00E+00
24_OAM,16_2_industrial_waste,1.43E-04
24_OAM,16_3_municipal_solid_waste_renewable,0.00E+00
24_OAM,16_4_municipal_solid_waste_nonrenewable,9.18E-05
24_OAM,16_5_biogasoline,0.00E+00
24_OAM,16_6_biodiesel,0.00E+00
24_OAM,16_8_other_liquid_biofuels,0.00E+00
24_OAM,1_1_coking_coal,9.47E-05
24_OAM,1_2_other_bituminous_coal,9.47E-05
24_OAM,1_3_subbituminous_coal,9.62E-05
24_OAM,1_4_anthracite,9.84E-05
24_OAM,1_5_lignite,1.01E-04
24_OAM,1_x_coal_thermal,9.55E-05
24_OAM,2_1_coke_oven_coke,1.08E-04
24_OAM,2_2_coke_oven_gas,4.44E-05
24_OAM,2_3_blast_furnace_gas,2.60E-04
24_OAM,2_4_other_recovered_gases,1.82E-04
24_OAM,2_5_patent_fuel,9.76E-05
24_OAM,2_6_coal_tar,8.07E-05
24_OAM,2_7_bkb_pb,9.47E-05
24_OAM,2_coal_products,1.26E-04
24_OAM,3_peat,1.06E-04
24_OAM,4_peat_products,1.06E-04
24_OAM,5_oil_shale_and_oil_sands,7.34E-05
24_OAM,5_oil_shale_and_oil_sands,1.07E-04
24_OAM,6_1_crude_oil,7.34E-05
24_OAM,6_2_natural_gas_liquids,6.31E-05
24_OAM,6_3_refinery_feedstocks,7.34E-05
24_OAM,6_4_additives_oxygenates,6.31E-05
24_OAM,6_5_other_hydrocarbons,7.34E-05
24_OAM,7_10_refinery_gas_not_liquefied,5.76E-05
24_OAM,7_11_ethane,6.17E-05
24_OAM,7_12_white_spirit_sbp,7.34E-05
24_OAM,7_13_lubricants,7.34E-05
24_OAM,7_14_bitumen,8.07E-05
24_OAM,7_15_paraffin_waxes,7.34E-05
24_OAM,7_16_petroleum_coke,1.01E-04
24_OAM,7_17_other_products,7.34E-05
24_OAM,7_1_motor_gasoline,6.94E-05
24_OAM,7_2_aviation_gasoline,7.01E-05
24_OAM,7_3_naphtha,7.34E-05
24_OAM,7_4_gasoline_type_jet_fuel,7.01E-05
24_OAM,7_5_kerosene_type_jet_fuel,7.16E-05
24_OAM,7_6_kerosene,7.19E-05
24_OAM,7_7_gas_diesel_oil,7.41E-05
24_OAM,7_8_fuel_oil,7.74E-05
24_OAM,7_9_lpg,6.31E-05
24_OAM,7_x_jet_fuel,7.16E-05
24_OAM,7_x_other_petroleum_products,8.70E-05
24_OAM,8_1_natural_gas,5.62E-05
24_OAM,8_2_lng,5.62E-05
24_OAM,8_3_gas_works_gas,4.44E-05
24b_OOAM,15_1_fuelwood_and_woodwaste,0.00E+00
24b_OOAM,15_3_charcoal,0.00E+00
24b_OOAM,15_4_black_liquor,0.00E+00
24b_OOAM,15_5_other_biomass,0.00E+00
24b_OOAM,16_1_biogas,0.00E+00
24b_OOAM,16_2_industrial_waste,1.43E-04
24b_OOAM,16_3_municipal_solid_waste_renewable,0.00E+00
24b_OOAM,16_4_municipal_solid_waste_nonrenewable,9.18E-05
24b_OOAM,16_5_biogasoline,0.00E+00
24b_OOAM,16_6_biodiesel,0.00E+00
24b_OOAM,16_8_other_liquid_biofuels,0.00E+00
24b_OOAM,1_1_coking_coal,9.47E-05
24b_OOAM,1_2_other_bituminous_coal,9.47E-05
24b_OOAM,1_3_subbituminous_coal,9.62E-05
24b_OOAM,1_4_anthracite,9.84E-05
24b_OOAM,1_5_lignite,1.01E-04
24b_OOAM,1_x_coal_thermal,9.51E-05
24b_OOAM,2_1_coke_oven_coke,1.08E-04
24b_OOAM,2_2_coke_oven_gas,4.44E-05
24b_OOAM,2_3_blast_furnace_gas,2.60E-04
24b_OOAM,2_4_other_recovered_gases,1.82E-04
24b_OOAM,2_5_patent_fuel,9.76E-05
24b_OOAM,2_6_coal_tar,8.07E-05
24b_OOAM,2_7_bkb_pb,9.47E-05
24b_OOAM,2_coal_products,9.92E-05
24b_OOAM,3_peat,1.06E-04
24b_OOAM,4_peat_products,1.06E-04
24b_OOAM,5_oil_shale_and_oil_sands,7.34E-05
24b_OOAM,5_oil_shale_and_oil_sands,1.07E-04
24b_OOAM,6_1_crude_oil,7.34E-05
24b_OOAM,6_2_natural_gas_liquids,6.31E-05
24b_OOAM,6_3_refinery_feedstocks,7.34E-05
24b_OOAM,6_4_additives_oxygenates,6.31E-05
24b_OOAM,6_5_other_hydrocarbons,7.34E-05
24b_OOAM,7_10_refinery_gas_not_liquefied,5.76E-05
24b_OOAM,7_11_ethane,6.17E-05
24b_OOAM,7_12_white_spirit_sbp,7.34E-05
24b_OOAM,7_13_lubricants,7.34E-05
24b_OOAM,7_14_bitumen,8.07E-05
24b_OOAM,7_15_paraffin_waxes,7.34E-05
24b_OOAM,7_16_petroleum_coke,1.01E-04
24b_OOAM,7_17_other_products,7.34E-05
24b_OOAM,7_1_motor_gasoline,6.94E-05
24b_OOAM,7_2_aviation_gasoline,7.01E-05
24b_OOAM,7_3_naphtha,7.34E-05
24b_OOAM,7_4_gasoline_type_jet_fuel,7.01E-05
24b_OOAM,7_5_kerosene_type_jet_fuel,7.16E-05
24b_OOAM,7_6_kerosene,7.19E-05
24b_OOAM,7_7_gas_diesel_oil,7.41E-05
24b_OOAM,7_8_fuel_oil,7.74E-05
24b_OOAM,7_9_lpg,6.31E-05
24b_OOAM,7_x_jet_fuel,7.16E-05
24b_OOAM,7_x_other_petroleum_products,9.30E-05
24b_OOAM,8_1_natural_gas,5.62E-05
24b_OOAM,8_2_lng,5.62E-05
24b_OOAM,8_3_gas_works_gas,4.44E-05
25_OCE,15_1_fuelwood_and_woodwaste,0.00E+00
25_OCE,15_3_charcoal,0.00E+00
25_OCE,15_4_black_liquor,0.00E+00
25_OCE,15_5_other_biomass,0.00E+00
25_OCE,16_1_biogas,0.00E+00
25_OCE,16_2_industrial_waste,1.43E-04
25_OCE,16_3_municipal_solid_waste_renewable,0.00E+00
25_OCE,16_4_municipal_solid_waste_nonrenewable,9.18E-05
25_OCE,16_5_biogasoline,0.00E+00
25_OCE,16_6_biodiesel,0.00E+00
25_OCE,16_8_other_liquid_biofuels,0.00E+00
25_OCE,1_1_coking_coal,9.47E-05
25_OCE,1_2_other_bituminous_coal,9.47E-05
25_OCE,1_3_subbituminous_coal,9.62E-05
25_OCE,1_4_anthracite,9.84E-05
25_OCE,1_5_lignite,1.01E-04
25_OCE,1_x_coal_thermal,9.57E-05
25_OCE,2_1_coke_oven_coke,1.08E-04
25_OCE,2_2_coke_oven_gas,4.44E-05
25_OCE,2_3_blast_furnace_gas,2.60E-04
25_OCE,2_4_other_recovered_gases,1.82E-04
25_OCE,2_5_patent_fuel,9.76E-05
25_OCE,2_6_coal_tar,8.07E-05
25_OCE,2_7_bkb_pb,9.47E-05
25_OCE,2_coal_products,1.07E-04
25_OCE,3_peat,1.06E-04
25_OCE,4_peat_products,1.06E-04
25_OCE,5_oil_shale_and_oil_sands,7.34E-05
25_OCE,5_oil_shale_and_oil_sands,1.07E-04
25_OCE,6_1_crude_oil,7.34E-05
25_OCE,6_2_natural_gas_liquids,6.31E-05
25_OCE,6_3_refinery_feedstocks,7.34E-05
25_OCE,6_4_additives_oxygenates,6.31E-05
25_OCE,6_5_other_hydrocarbons,7.34E-05
25_OCE,7_10_refinery_gas_not_liquefied,5.76E-05
25_OCE,7_11_ethane,6.17E-05
25_OCE,7_12_white_spirit_sbp,7.34E-05
25_OCE,7_13_lubricants,7.34E-05
25_OCE,7_14_bitumen,8.07E-05
25_OCE,7_15_paraffin_waxes,7.34E-05
25_OCE,7_16_petroleum_coke,1.01E-04
25_OCE,7_17_other_products,7.34E-05
25_OCE,7_1_motor_gasoline,6.94E-05
25_OCE,7_2_aviation_gasoline,7.01E-05
25_OCE,7_3_naphtha,7.34E-05
25_OCE,7_4_gasoline_type_jet_fuel,7.01E-05
25_OCE,7_5_kerosene_type_jet_fuel,7.16E-05
25_OCE,7_6_kerosene,7.19E-05
25_OCE,7_7_gas_diesel_oil,7.41E-05
25_OCE,7_8_fuel_oil,7.74E-05
25_OCE,7_9_lpg,6.31E-05
25_OCE,7_x_jet_fuel,7.16E-05
25_OCE,7_x_other_petroleum_products,8.04E-05
25_OCE,8_1_natural_gas,5.62E-05
25_OCE,8_2_lng,5.62E-05
25_OCE,8_3_gas_works_gas,4.44E-05
APEC,15_1_fuelwood_and_woodwaste,0.00E+00
APEC,15_3_charcoal,0.00E+00
APEC,15_4_black_liquor,0.00E+00
APEC,15_5_other_biomass,0.00E+00
APEC,16_1_biogas,0.00E+00
APEC,16_2_industrial_waste,1.43E-04
APEC,16_3_municipal_solid_waste_renewable,0.00E+00
APEC,16_4_municipal_solid_waste_nonrenewable,9.18E-05
APEC,16_5_biogasoline,0.00E+00
APEC,16_6_biodiesel,0.00E+00
APEC,16_8_other_liquid_biofuels,0.00E+00
APEC,1_1_coking_coal,9.47E-05
APEC,1_2_other_bituminous_coal,9.47E-05
APEC,1_3_subbituminous_coal,9.62E-05
APEC,1_4_anthracite,9.84E-05
APEC,1_5_lignite,1.01E-04
APEC,1_x_coal_thermal,9.48E-05
APEC,2_1_coke_oven_coke,1.08E-04
APEC,2_2_coke_oven_gas,4.44E-05
APEC,2_3_blast_furnace_gas,2.60E-04
APEC,2_4_other_recovered_gases,1.82E-04
APEC,2_5_patent_fuel,9.76E-05
APEC,2_6_coal_tar,8.07E-05
APEC,2_7_bkb_pb,9.47E-05
APEC,2_coal_products,1.50E-04
APEC,3_peat,1.06E-04
APEC,4_peat_products,1.06E-04
APEC,5_oil_shale_and_oil_sands,7.34E-05
APEC,5_oil_shale_and_oil_sands,1.07E-04
APEC,6_1_crude_oil,7.34E-05
APEC,6_2_natural_gas_liquids,6.31E-05
APEC,6_3_refinery_feedstocks,7.34E-05
APEC,6_4_additives_oxygenates,6.31E-05
APEC,6_5_other_hydrocarbons,7.34E-05
APEC,6_x_ngls,6.31E-05
APEC,7_10_refinery_gas_not_liquefied,5.76E-05
APEC,7_11_ethane,6.17E-05
APEC,7_12_white_spirit_sbp,7.34E-05
APEC,7_13_lubricants,7.34E-05
APEC,7_14_bitumen,8.07E-05
APEC,7_15_paraffin_waxes,7.34E-05
APEC,7_16_petroleum_coke,1.01E-04
APEC,7_17_other_products,7.34E-05
APEC,7_1_motor_gasoline,6.94E-05
APEC,7_2_aviation_gasoline,7.01E-05
APEC,7_3_naphtha,7.34E-05
APEC,7_4_gasoline_type_jet_fuel,7.01E-05
APEC,7_5_kerosene_type_jet_fuel,7.16E-05
APEC,7_6_kerosene,7.19E-05
APEC,7_7_gas_diesel_oil,7.41E-05
APEC,7_8_fuel_oil,7.74E-05
APEC,7_9_lpg,6.31E-05
APEC,7_x_jet_fuel,7.16E-05
APEC,7_x_other_petroleum_products,8.17E-05
APEC,8_1_natural_gas,5.62E-05
APEC,8_2_lng,5.62E-05
APEC,8_3_gas_works_gas,4.44E-05
